"49.17113043,16.52074206,2014,8,7",
"49.22375737,16.62980964,2010,1,4",
"49.26102991,16.57131051,2010,2,3",
"49.21868775,16.5896598,2010,3,2",
"49.20719839,16.61146604,2010,4,4",
"49.21189305,16.55934772,2010,4,1",
"49.18351979,16.62199004,2010,4,2",
"49.1839491,16.56239468,2010,4,3",
"49.19634782,16.60783374,2010,4,3",
"49.21689643,16.57201143,2010,4,3",
"49.19290103,16.56411874,2010,4,4",
"49.25007306,16.49498606,2010,4,5",
"49.21869626,16.54090862,2010,5,4",
"49.2135171,16.57537991,2010,5,5",
"49.19956441,16.66603019,2010,5,2",
"49.2181128,16.64327627,2010,5,5",
"49.18761295,16.61902967,2010,5,6",
"49.18223082,16.69182276,2010,5,7",
"49.15901329,16.62600708,2010,5,2",
"49.15901329,16.62600708,2010,5,2",
"49.21486938,16.57064832,2010,5,5",
"49.18487317,16.59521106,2010,6,5",
"49.22140272,16.65267743,2010,6,6",
"49.23522003,16.52156025,2010,6,5",
"49.22990195,16.70079076,2010,6,7",
"49.20867169,16.6299998,2010,6,2",
"49.19894597,16.61491555,2010,6,4",
"49.14603598,16.68472519,2010,6,3",
"49.22693139,16.50797818,2010,7,1",
"49.21602896,16.7190471,2010,7,4",
"49.2228406,16.61812462,2010,7,7",
"49.21868006,16.5194051,2010,7,3",
"49.16544692,16.61420447,2010,7,2",
"49.18827257,16.59402778,2010,7,4",
"49.23042827,16.51917234,2010,7,5",
"49.19978575,16.61002338,2010,7,6",
"49.21845769,16.62834111,2010,7,3",
"49.21069058,16.68093975,2010,7,6",
"49.23332279,16.62951717,2010,8,2",
"49.21937285,16.64347335,2010,8,4",
"49.20672848,16.59987705,2010,8,5",
"49.20170808,16.64214038,2010,8,3",
"49.16705115,16.59895434,2010,8,3",
"49.21836415,16.5443176,2010,8,3",
"49.19371748,16.6396162,2010,8,4",
"49.15484707,16.66979614,2010,8,7",
"49.26023007,16.5753368,2010,8,7",
"49.20050418,16.59315046,2010,8,2",
"49.22838141,16.5232568,2010,8,3",
"49.20901385,16.69437143,2010,8,3",
"49.22880845,16.50890227,2010,8,5",
"49.21136332,16.5832167,2010,9,2",
"49.19831951,16.61395352,2010,9,1",
"49.20329792,16.64613166,2010,9,4",
"49.18230094,16.69240015,2010,9,7",
"49.197297,16.61588034,2010,9,1",
"49.21567692,16.56559742,2010,10,2",
"49.20093195,16.63438532,2010,10,3",
"49.21902088,16.5976562,2010,10,2",
"49.2109219,16.59355391,2010,11,1",
"49.19379447,16.56768016,2010,9,1",
"49.18345697,16.66783491,2010,11,1",
"49.21704772,16.56031347,2010,11,3",
"49.23172654,16.64905858,2011,3,5",
"49.16651491,16.62577108,2011,3,2",
"49.19457846,16.63521146,2011,3,2",
"49.21088447,16.58469832,2011,4,5",
"49.18920708,16.53215702,2011,4,4",
"49.22379449,16.60747326,2011,4,1",
"49.17985252,16.62148919,2011,4,1",
"49.21027692,16.59795331,2011,4,1",
"49.22364587,16.61372206,2011,4,3",
"49.20582911,16.60534035,2011,4,4",
"49.19556409,16.64956253,2011,4,6",
"49.23098177,16.59762144,2011,4,3",
"49.22364078,16.59497363,2011,4,3",
"49.13175296,16.683636,2011,4,4",
"49.1775668,16.57485854,2011,4,4",
"49.18416832,16.58687424,2011,5,4",
"49.22924656,16.58136413,2011,5,3",
"49.20895139,16.60095191,2011,5,3",
"49.20813021,16.605821,2011,5,5",
"49.2275381,16.53422666,2011,5,6",
"49.19156721,16.65705618,2011,5,2",
"49.18843592,16.64226608,2011,5,2",
"49.19220109,16.60241235,2011,5,2",
"49.18496082,16.57633166,2011,5,3",
"49.18605935,16.59868064,2011,5,1",
"49.20937458,16.63597382,2011,6,6",
"49.21757515,16.64211173,2011,6,1",
"49.21757515,16.64211173,2011,6,1",
"49.24216606,16.56660113,2011,6,7",
"49.14506449,16.64875294,2011,6,2",
"49.20310453,16.6258585,2011,6,4",
"49.20253908,16.58171483,2011,6,3",
"49.23849981,16.58530294,2011,6,1",
"49.23612094,16.62768432,2011,6,1",
"49.22067574,16.58268118,2011,6,3",
"49.19681984,16.61528794,2011,6,4",
"49.19006866,16.58265145,2011,6,4",
"49.22260197,16.61839172,2011,7,5",
"49.18094438,16.69204184,2011,7,3",
"49.22882607,16.65169785,2011,7,4",
"49.16687655,16.62842229,2011,7,5",
"49.1940191,16.56940223,2011,7,5",
"49.21566502,16.67166505,2011,7,4",
"49.18846762,16.6421659,2011,7,4",
"49.21341607,16.58253903,2011,7,5",
"49.223894,16.53087081,2011,7,6",
"49.26187353,16.58572907,2011,7,1",
"49.22789864,16.52195974,2011,7,1",
"49.14478587,16.66587336,2011,7,1",
"49.18917782,16.60602939,2011,7,5",
"49.24549656,16.63483969,2011,7,6",
"49.20376436,16.60695739,2011,5,1",
"49.2257299,16.51206492,2011,5,4",
"49.2028265,16.62643848,2011,8,3",
"49.20315394,16.62576507,2011,8,5",
"49.19278658,16.56423369,2011,8,1",
"49.22104569,16.51976785,2011,8,5",
"49.20842443,16.64035076,2011,8,5",
"49.16610874,16.55856527,2011,8,6",
"49.19429357,16.54075266,2011,8,3",
"49.18051536,16.56218694,2011,9,4",
"49.16493295,16.56956557,2011,9,4",
"49.20519461,16.5690917,2011,9,5",
"49.22703965,16.59953826,2011,9,5",
"49.17786167,16.56741329,2011,9,6",
"49.15650386,16.64702785,2011,9,7",
"49.18285537,16.67565223,2011,9,7",
"49.19163181,16.61267798,2011,9,1",
"49.22063358,16.52616869,2011,9,1",
"49.22019099,16.59672954,2011,9,2",
"49.18697121,16.61428267,2011,9,4",
"49.18146197,16.62151873,2011,9,1",
"49.22066101,16.52535383,2011,9,3",
"49.17397119,16.53313957,2011,9,1",
"49.2435831,16.58185342,2011,9,2",
"49.20982872,16.58895299,2011,9,3",
"49.26377919,16.57115393,2011,9,3",
"49.22604057,16.6451032,2011,9,4",
"49.17557042,16.68634187,2011,9,4",
"49.18686692,16.59606917,2011,9,5",
"49.14198479,16.62643368,2011,10,6",
"49.14198479,16.62643368,2011,10,6",
"49.21565238,16.5946691,2011,10,2",
"49.16513905,16.62357598,2011,10,4",
"49.19111131,16.61089688,2011,10,3",
"49.16793297,16.68987732,2011,10,5",
"49.19511268,16.60829713,2011,11,5",
"49.16721193,16.57533169,2012,1,6",
"49.21843504,16.57365306,2012,2,1",
"49.20662889,16.6000865,2012,3,1",
"49.17802209,16.55169313,2012,3,3",
"49.18154853,16.57716296,2012,3,7",
"49.20678079,16.60018157,2012,3,3",
"49.19371181,16.56166804,2012,3,4",
"49.20635352,16.67502154,2012,3,4",
"49.26035055,16.58096948,2012,3,7",
"49.26027893,16.57124618,2012,3,5",
"49.20072747,16.66573429,2012,4,5",
"49.17699959,16.52479336,2012,4,7",
"49.17699959,16.52479336,2012,4,7",
"49.22910993,16.5895219,2012,4,2",
"49.16898625,16.68832357,2012,4,5",
"49.21429184,16.63751509,2012,4,3",
"49.22407455,16.53057153,2012,4,4",
"49.26099624,16.57129971,2012,4,1",
"49.16511395,16.61210439,2012,5,2",
"49.21799554,16.64319041,2012,5,3",
"49.24266316,16.582441,2012,5,7",
"49.24678288,16.5044147,2012,5,2",
"49.20834903,16.68733452,2012,5,2",
"49.213652,16.61647864,2012,5,3",
"49.21776155,16.55616802,2012,5,3",
"49.17544396,16.6224221,2012,5,5",
"49.20206216,16.62616375,2012,5,5",
"49.19136603,16.62345686,2012,5,6",
"49.21375598,16.67416316,2012,5,7",
"49.18337098,16.69188599,2012,5,3",
"49.21428955,16.63753394,2012,5,3",
"49.13327134,16.64144135,2012,5,3",
"49.19837349,16.59339213,2012,5,4",
"49.22019894,16.53170559,2012,5,5",
"49.13939207,16.67237602,2012,5,6",
"49.26696652,16.59578642,2012,6,5",
"49.20632206,16.69444347,2012,6,5",
"49.19649452,16.65516205,2012,6,6",
"49.20056322,16.63390534,2012,6,7",
"49.19654217,16.64913305,2012,6,7",
"49.19924083,16.64673065,2012,6,3",
"49.19131106,16.62163487,2012,6,5",
"49.16810443,16.67774049,2012,6,1",
"49.19977683,16.60677138,2012,6,1",
"49.19079563,16.61125456,2012,6,1",
"49.16648691,16.6238124,2012,6,1",
"49.21481841,16.59710954,2012,6,2",
"49.21759016,16.57247427,2012,6,3",
"49.18378467,16.58028557,2012,6,3",
"49.21677649,16.57331591,2012,7,7",
"49.21849796,16.63758732,2012,7,7",
"49.19279834,16.63452294,2012,7,7",
"49.21188747,16.55922315,2012,7,2",
"49.19157233,16.59571511,2012,7,6",
"49.23501585,16.58777038,2012,7,3",
"49.20666817,16.60022513,2012,7,4",
"49.22805587,16.65150683,2012,7,6",
"49.19951771,16.60233105,2012,7,7",
"49.19636249,16.61619715,2012,7,2",
"49.20194009,16.60274489,2012,7,4",
"49.17320624,16.58378456,2012,7,5",
"49.19349391,16.63878877,2012,7,6",
"49.22848873,16.59404384,2012,7,6",
"49.22848873,16.59404384,2012,7,6",
"49.18622964,16.59507964,2012,7,2",
"49.18622964,16.59507964,2012,7,2",
"49.20961301,16.63261228,2012,7,2",
"49.26464131,16.58230388,2012,7,2",
"49.22111786,16.52805439,2012,7,3",
"49.20184961,16.62617302,2012,7,5",
"49.24146124,16.57348497,2012,7,6",
"49.14403529,16.60285476,2012,7,2",
"49.14403529,16.60285476,2012,7,2",
"49.15185472,16.64768816,2012,8,5",
"49.22678022,16.65735655,2012,8,6",
"49.22680083,16.59310926,2012,8,6",
"49.20159035,16.61843847,2012,8,6",
"49.21679824,16.63189853,2012,8,2",
"49.12392074,16.65341128,2012,8,3",
"49.22118397,16.57883692,2012,8,4",
"49.26882908,16.56998957,2012,8,6",
"49.202352,16.62624655,2012,8,7",
"49.24212516,16.56082211,2012,8,7",
"49.24212516,16.56082211,2012,8,7",
"49.19306439,16.59558229,2012,8,1",
"49.22164779,16.55679331,2012,8,1",
"49.21201639,16.64283526,2012,8,2",
"49.26099677,16.57130611,2012,8,3",
"49.21976384,16.51625249,2012,8,4",
"49.1901752,16.63373284,2012,9,7",
"49.19459803,16.53769011,2012,9,2",
"49.22035348,16.58606545,2012,9,3",
"49.16649405,16.62575706,2012,9,5",
"49.20615961,16.70179908,2012,9,6",
"49.20024746,16.66361663,2012,9,7",
"49.19357001,16.57098808,2012,9,4",
"49.22127245,16.65489647,2012,9,7",
"49.22386357,16.55581874,2012,9,1",
"49.21933148,16.64331462,2012,9,1",
"49.24547172,16.62459372,2012,9,2",
"49.17695741,16.62857884,2012,9,3",
"49.19555339,16.64995183,2012,9,2",
"49.20368084,16.62547823,2012,9,3",
"49.18397847,16.58643073,2012,9,3",
"49.2296104,16.59127356,2012,9,3",
"49.18831075,16.61649443,2012,9,3",
"49.22259943,16.58454022,2012,10,1",
"49.16589166,16.61658661,2012,10,4",
"49.20532829,16.67402553,2012,10,5",
"49.19832149,16.61998212,2012,10,6",
"49.18885873,16.62884214,2012,10,1",
"49.17345661,16.58430679,2012,10,4",
"49.17894596,16.64234212,2012,10,2",
"49.20863869,16.61450329,2012,10,2",
"49.19705522,16.6120847,2012,10,3",
"49.21015048,16.5574751,2012,11,5",
"49.2175679,16.55371852,2012,11,3",
"49.22345901,16.64477457,2012,11,4",
"49.22001127,16.58489857,2012,11,6",
"49.20480751,16.60615077,2012,11,1",
"49.22770679,16.51503412,2012,11,3",
"49.23548152,16.58730143,2012,11,4",
"49.21399676,16.58079311,2012,11,2",
"49.20754485,16.6032663,2012,12,2",
"49.21068393,16.62403293,2012,12,3",
"49.21623255,16.59433718,2013,1,5",
"49.22164549,16.5365528,2013,1,5",
"49.19969573,16.61460403,2013,2,3",
"49.21166629,16.66987394,2013,3,4",
"49.16331077,16.5972368,2013,4,2",
"49.2522905,16.58933633,2013,4,2",
"49.220365,16.59701754,2013,4,6",
"49.20024928,16.66360165,2013,4,2",
"49.20360845,16.71492125,2013,4,2",
"49.24374031,16.58308187,2013,4,3",
"49.22425241,16.59455488,2013,4,4",
"49.18311459,16.67096034,2013,4,5",
"49.24335532,16.58187485,2013,4,1",
"49.24937379,16.57235321,2013,4,6",
"49.23217037,16.47572056,2013,4,2",
"49.18921682,16.60454916,2013,5,3",
"49.19613463,16.65380667,2013,5,3",
"49.20333252,16.62569297,2013,4,3",
"49.21864312,16.63776497,2013,5,3",
"49.20287477,16.60657236,2013,5,4",
"49.20287477,16.60657236,2013,5,4",
"49.22366822,16.53077983,2013,5,7",
"49.19325814,16.63828802,2013,5,7",
"49.16339456,16.62461633,2013,5,1",
"49.20768776,16.58304489,2013,5,3",
"49.22941493,16.57368008,2013,5,3",
"49.20041473,16.6120794,2013,5,3",
"49.24949679,16.57251722,2013,5,4",
"49.19334701,16.62827795,2013,5,1",
"49.19164107,16.62009871,2013,5,3",
"49.20214486,16.6099585,2013,5,4",
"49.18620037,16.60405721,2013,6,2",
"49.22182602,16.53639298,2013,6,3",
"49.17474136,16.53175022,2013,6,7",
"49.17474136,16.53175022,2013,6,7",
"49.22528236,16.52804533,2013,6,2",
"49.22098842,16.59650131,2013,6,7",
"49.21478895,16.63092014,2013,6,7",
"49.2264241,16.60390386,2013,6,7",
"49.18363122,16.604712,2013,7,3",
"49.20592168,16.60524879,2013,7,7",
"49.19697231,16.58385916,2013,7,3",
"49.26099126,16.57135122,2013,7,5",
"49.1732011,16.66480784,2013,7,5",
"49.18816524,16.61622807,2013,7,6",
"49.20884148,16.55482904,2013,7,4",
"49.20340373,16.61783055,2013,7,7",
"49.20340373,16.61783055,2013,7,7",
"49.2283995,16.52327011,2013,7,7",
"49.23853006,16.58493158,2013,7,2",
"49.21556114,16.56546806,2013,7,2",
"49.19837398,16.59372475,2013,7,4",
"49.23804887,16.62669653,2013,7,5",
"49.26109627,16.57097987,2013,7,7",
"49.19297734,16.61380199,2013,7,1",
"49.21162094,16.5828131,2013,7,1",
"49.17790141,16.56953731,2013,7,2",
"49.1883821,16.53354372,2013,7,2",
"49.2112036,16.63891491,2013,7,2",
"49.18566995,16.65680846,2013,7,3",
"49.26095272,16.57130154,2013,7,3",
"49.22608233,16.59359387,2013,8,5",
"49.21836011,16.58889646,2013,8,7",
"49.1957967,16.64648404,2013,8,2",
"49.14150967,16.65334203,2013,8,3",
"49.16962885,16.62253923,2013,7,4",
"49.16962885,16.62253923,2013,7,4",
"49.22767725,16.5151692,2013,8,4",
"49.20843046,16.62980554,2013,8,5",
"49.19880186,16.608607,2013,8,5",
"49.19902487,16.60321735,2013,8,1",
"49.218282,16.59306044,2013,8,3",
"49.26744691,16.59571415,2013,8,4",
"49.1953732,16.60978752,2013,8,5",
"49.1953732,16.60978752,2013,8,5",
"49.18947243,16.60248582,2013,8,4",
"49.21886436,16.55027716,2013,8,6",
"49.21886436,16.55027716,2013,8,6",
"49.21924913,16.50827858,2013,8,7",
"49.24568823,16.63187084,2013,8,7",
"49.2294234,16.5309735,2013,8,1",
"49.19128499,16.62480786,2013,8,2",
"49.26099102,16.57132316,2013,8,2",
"49.19301145,16.56523429,2013,8,3",
"49.21602665,16.60356828,2013,8,2",
"49.20369851,16.60694211,2013,8,4",
"49.23173597,16.57660923,2013,9,2",
"49.23796502,16.58564354,2013,9,2",
"49.22409691,16.60773271,2013,9,4",
"49.19631355,16.65507822,2013,9,3",
"49.21210974,16.58015586,2013,9,4",
"49.18478033,16.59683859,2013,9,1",
"49.17320548,16.58380498,2013,9,4",
"49.1901407,16.63490776,2013,9,4",
"49.22107586,16.51981281,2013,9,1",
"49.26097566,16.57131149,2013,10,2",
"49.18934536,16.6050338,2013,10,1",
"49.18582588,16.61824258,2013,10,4",
"49.19547287,16.6505311,2013,10,3",
"49.19528176,16.53624755,2013,10,3",
"49.2220885,16.62102957,2013,10,4",
"49.19302873,16.56519951,2013,10,2",
"49.2084639,16.59504592,2013,10,3",
"49.19196801,16.61053057,2013,11,3",
"49.21762775,16.56051137,2013,11,4",
"49.19361202,16.62843797,2013,11,4",
"49.18479079,16.58856594,2013,11,7",
"49.19353783,16.56697867,2013,11,7",
"49.23852698,16.58524585,2013,12,1",
"49.19026572,16.63395677,2013,12,5",
"49.19815375,16.60668229,2013,12,5",
"49.20488093,16.61246264,2013,12,7",
"49.18762396,16.61840167,2013,12,5",
"49.22370382,16.6130555,2014,1,1",
"49.19104152,16.59577265,2014,1,3",
"49.18953198,16.5999642,2014,2,2",
"49.19195316,16.61885192,2014,2,1",
"49.19170547,16.61493804,2014,2,2",
"49.20860753,16.59466291,2014,3,1",
"49.23393088,16.58407534,2014,1,3",
"49.19838832,16.59369948,2014,3,4",
"49.20741482,16.66425663,2014,3,3",
"49.20148686,16.56660159,2014,3,4",
"49.20148686,16.56660159,2014,3,4",
"49.16414109,16.59277164,2014,3,2",
"49.17484469,16.61811645,2014,3,4",
"49.16590849,16.61690716,2014,4,3",
"49.18915595,16.60748506,2014,4,3",
"49.18882159,16.59426582,2014,4,4",
"49.1768342,16.62756105,2014,4,5",
"49.19765953,16.63281882,2014,4,1",
"49.20086403,16.60016746,2014,4,4",
"49.24879669,16.61739505,2014,4,5",
"49.17827453,16.5625015,2014,4,5",
"49.20851423,16.60683587,2014,4,6",
"49.20209306,16.5943727,2014,5,5",
"49.19580561,16.65024403,2014,5,7",
"49.22154531,16.58577164,2014,5,3",
"49.2115649,16.63422194,2014,5,2",
"49.22601055,16.52638259,2014,5,3",
"49.18636333,16.59508554,2014,5,5",
"49.19534596,16.64616343,2014,5,5",
"49.2039593,16.67886733,2014,5,5",
"49.1918296,16.60037196,2014,5,1",
"49.19250561,16.600832,2014,5,3",
"49.19293682,16.63534392,2014,5,4",
"49.1866679,16.61750439,2014,5,1",
"49.18196757,16.58070748,2014,6,2",
"49.26374943,16.44803793,2014,6,4",
"49.20029417,16.62903143,2014,6,4",
"49.22085125,16.62943048,2014,6,5",
"49.22819117,16.50868726,2014,6,7",
"49.1903069,16.6264638,2014,6,2",
"49.1913052,16.62611312,2014,6,4",
"49.19374519,16.60459496,2014,6,4",
"49.21466079,16.63744511,2014,6,4",
"49.16408103,16.67514929,2014,6,5",
"49.18939578,16.62980774,2014,6,5",
"49.1918543,16.61288592,2014,6,6",
"49.17792775,16.57893605,2014,6,7",
"49.21748989,16.5112166,2014,6,1",
"49.17756789,16.5753666,2014,6,3",
"49.21331446,16.5760163,2014,6,3",
"49.19284753,16.604927,2014,6,3",
"49.20751078,16.62417675,2014,6,3",
"49.23447928,16.52872767,2014,6,6",
"49.23447928,16.52872767,2014,6,6",
"49.22656596,16.5257261,2014,6,7",
"49.1770847,16.63032807,2014,6,3",
"49.20930222,16.60874089,2014,6,4",
"49.2093642,16.58648497,2014,6,5",
"49.20478556,16.62770759,2014,6,5",
"49.14521861,16.6647932,2014,6,6",
"49.21313714,16.57734821,2014,7,2",
"49.21058223,16.61105796,2014,7,6",
"49.21823068,16.51890956,2014,7,1",
"49.18329802,16.66824567,2014,7,4",
"49.1905393,16.60991087,2014,7,4",
"49.1834505,16.61934702,2014,7,4",
"49.24373723,16.51361856,2014,7,4",
"49.20618592,16.65788258,2014,7,5",
"49.21543172,16.5573944,2014,7,7",
"49.15623863,16.64756486,2014,7,1",
"49.17811562,16.56767555,2014,7,4",
"49.20227993,16.60731352,2014,7,6",
"49.20157508,16.60201912,2014,8,2",
"49.17822753,16.56733758,2014,8,1",
"49.13332429,16.64910759,2014,8,1",
"49.19816883,16.6029693,2014,8,3",
"49.19972075,16.60975537,2014,8,3",
"49.21049282,16.63337111,2014,8,5",
"49.19569592,16.59445019,2014,8,1",
"49.19090913,16.64749777,2014,8,1",
"49.21068084,16.58530704,2014,8,1",
"49.19756769,16.60812026,2014,8,5",
"49.25109424,16.58195623,2014,8,5",
"49.19638413,16.65551832,2014,9,4",
"49.19834179,16.61400603,2014,9,4",
"49.22672634,16.5946309,2014,9,1",
"49.23456716,16.58782534,2014,9,2",
"49.21850632,16.50914107,2014,9,2",
"49.25463208,16.46144301,2014,9,6",
"49.20023968,16.66297468,2014,9,1",
"49.2017085,16.60184719,2014,9,1",
"49.2574606,16.5934686,2014,9,1",
"49.19019535,16.60723585,2014,9,2",
"49.21089163,16.59354603,2014,9,2",
"49.20564872,16.62257765,2014,9,3",
"49.19116968,16.59557994,2014,9,5",
"49.20127866,16.63656198,2014,10,4",
"49.14301335,16.66567172,2014,10,2",
"49.1911431,16.57788163,2014,10,4",
"49.21037253,16.62401561,2014,10,6",
"49.22423382,16.52729796,2014,10,7",
"49.25973722,16.46470558,2014,10,7",
"49.20597514,16.60545472,2014,10,4",
"49.24291532,16.59092037,2014,10,6",
"49.22686783,16.60167617,2014,12,1",
"49.14925887,16.66352242,2014,12,1",
"49.18595509,16.59517435,2014,12,3",
"49.24953579,16.57257723,2014,12,3",
"49.21809179,16.57314991,2015,1,6",
"49.19327474,16.59712305,2015,2,1",
"49.20815143,16.555455,2015,2,1",
"49.19343546,16.56670488,2015,2,2",
"49.21936899,16.63779536,2015,3,7",
"49.1928354,16.63561667,2015,3,1",
"49.19665542,16.54833465,2015,3,2",
"49.16646633,16.62348306,2015,3,7",
"49.20452934,16.62375168,2015,4,3",
"49.16162609,16.63682214,2015,4,5",
"49.22379205,16.60119272,2015,4,5",
"49.19487979,16.59811613,2015,4,2",
"49.19487785,16.59568215,2015,4,3",
"49.19487785,16.59568215,2015,4,3",
"49.21244027,16.640015,2015,4,4",
"49.19890954,16.53234756,2015,4,5",
"49.18918139,16.60352181,2015,4,1",
"49.21882971,16.6286263,2015,5,3",
"49.19653997,16.59430524,2015,5,1",
"49.1774118,16.6877409,2015,5,3",
"49.20088783,16.56666856,2015,5,5",
"49.20088783,16.56666856,2015,5,5",
"49.22433415,16.64007963,2015,5,6",
"49.19299596,16.60492074,2015,5,3",
"49.19163711,16.62028889,2015,5,1",
"49.2212833,16.58598363,2015,5,3",
"49.23694758,16.5178897,2015,5,7",
"49.1915731,16.59573881,2015,6,1",
"49.18683249,16.5943837,2015,6,1",
"49.18981936,16.60584983,2015,6,1",
"49.18981936,16.60584983,2015,6,1",
"49.22938719,16.52102227,2015,6,3",
"49.19632268,16.65512759,2015,6,4",
"49.22585983,16.52993006,2015,5,6",
"49.16937993,16.62258565,2015,6,5",
"49.21338456,16.60270015,2015,6,3",
"49.22634835,16.59322989,2015,6,4",
"49.19303855,16.60479701,2015,6,1",
"49.18952799,16.66346064,2015,6,2",
"49.23179735,16.5186314,2015,6,2",
"49.22648778,16.53298908,2015,6,4",
"49.22649841,16.5908009,2015,6,4",
"49.13992113,16.62994401,2015,6,1",
"49.24264045,16.57521584,2015,6,2",
"49.18813063,16.59116279,2015,6,4",
"49.23218538,16.47566856,2015,6,4",
"49.1908773,16.61098188,2015,6,5",
"49.20800639,16.59911186,2015,7,4",
"49.19295351,16.56401013,2015,7,4",
"49.21106557,16.59718903,2015,7,6",
"49.16646803,16.62331983,2015,7,7",
"49.19945856,16.61741332,2015,7,1",
"49.20495419,16.60181868,2015,7,3",
"49.24596521,16.50686022,2015,7,3",
"49.19312092,16.54724719,2015,7,4",
"49.21050742,16.60292098,2015,7,4",
"49.16310416,16.63397069,2015,7,5",
"49.17591189,16.5963611,2015,7,1",
"49.19397604,16.62839899,2015,8,6",
"49.17955605,16.5975693,2015,8,7",
"49.16706426,16.56140371,2015,8,7",
"49.17089097,16.58215787,2015,8,3",
"49.19609744,16.61567415,2015,8,4",
"49.19493656,16.60840411,2015,8,4",
"49.20824833,16.55998799,2015,8,5",
"49.20114088,16.6286609,2015,8,7",
"49.22036781,16.64734539,2015,8,1",
"49.2506409,16.48491755,2015,8,1",
"49.18669648,16.59436669,2015,8,3",
"49.18908371,16.63184571,2015,8,4",
"49.20081971,16.61404941,2015,8,6",
"49.20449803,16.62378999,2015,8,1",
"49.21617859,16.56388542,2015,8,4",
"49.15246027,16.65396564,2015,8,6",
"49.19535648,16.61237111,2015,8,1",
"49.20378919,16.59962162,2015,8,1",
"49.21332523,16.70054384,2015,8,1",
"49.22204451,16.53652381,2015,8,2",
"49.1891973,16.60746779,2015,8,4",
"49.20085646,16.66666726,2015,8,5",
"49.22638709,16.59333927,2015,9,2",
"49.21832547,16.5733055,2015,9,4",
"49.19346678,16.59563206,2015,9,1",
"49.19097467,16.59534392,2015,9,4",
"49.17712256,16.66596484,2015,9,1",
"49.15150198,16.62169868,2015,9,4",
"49.18742437,16.60042872,2015,9,4",
"49.18913397,16.66341461,2015,9,4",
"49.22841553,16.63136288,2015,9,5",
"49.19869643,16.62125528,2015,10,1",
"49.19493879,16.55615327,2015,10,3",
"49.20763482,16.62248377,2015,10,5",
"49.2199911,16.59198954,2015,10,3",
"49.15245816,16.60125894,2015,11,1",
"49.19160781,16.59572396,2015,11,1",
"49.17015715,16.61493473,2015,11,2",
"49.20481826,16.59816568,2015,11,1",
"49.20021936,16.58507047,2015,12,3",
"49.2228666,16.61822461,2016,1,5",
"49.2156837,16.64280514,2016,2,2",
"49.21540771,16.59995426,2016,2,2",
"49.21368678,16.59364319,2016,2,3",
"49.16331004,16.60555661,2016,2,1",
"49.17616375,16.68717284,2016,2,2",
"49.21479751,16.57841119,2016,2,2",
"49.20431404,16.60654863,2016,2,5",
"49.20311356,16.66668738,2016,2,7",
"49.1988058,16.60595633,2016,3,6",
"49.163334,16.60585238,2016,3,7",
"49.163334,16.60585238,2016,3,7",
"49.17299791,16.58900196,2016,4,5",
"49.18521516,16.59524389,2016,4,1",
"49.21865654,16.51939328,2016,4,1",
"49.22131147,16.53660377,2016,4,1",
"49.1783989,16.6436171,2016,4,2",
"49.20154271,16.61523846,2016,4,5",
"49.23814903,16.58541257,2016,4,5",
"49.19625052,16.61249017,2016,4,3",
"49.17384436,16.57201105,2016,4,4",
"49.19168964,16.59812497,2016,4,6",
"49.25300973,16.62277827,2016,4,2",
"49.19564569,16.64649603,2016,4,2",
"49.19503553,16.60886753,2016,4,5",
"49.19158766,16.59732196,2016,5,4",
"49.18490751,16.58911961,2016,5,6",
"49.23562328,16.5281376,2016,5,1",
"49.19921403,16.59734237,2016,5,3",
"49.19577992,16.5946772,2016,5,4",
"49.23478932,16.52515655,2016,5,6",
"49.19066184,16.6300868,2016,5,2",
"49.18348611,16.6032875,2016,5,6",
"49.17551917,16.62584199,2016,5,6",
"49.21073788,16.71053466,2016,5,7",
"49.19145669,16.59555695,2016,5,5",
"49.25478601,16.59164077,2016,5,7",
"49.22056552,16.53310074,2016,5,1",
"49.22533611,16.6017918,2016,6,4",
"49.19145365,16.59725294,2016,6,7",
"49.23661093,16.58665147,2016,6,3",
"49.21230683,16.54695326,2016,6,3",
"49.22122527,16.62916249,2016,6,7",
"49.21183621,16.69867476,2016,6,1",
"49.17690689,16.64064002,2016,6,2",
"49.20307609,16.60712296,2016,6,2",
"49.18837845,16.64143665,2016,6,4",
"49.19564957,16.65137502,2016,6,6",
"49.2017295,16.58242256,2016,6,2",
"49.17743397,16.59604619,2016,6,3",
"49.19940004,16.59696639,2016,6,3",
"49.16487519,16.5589786,2016,7,7",
"49.17822994,16.64170909,2016,7,1",
"49.20857144,16.64041076,2016,7,1",
"49.20857144,16.64041076,2016,7,1",
"49.22317956,16.62253219,2016,7,5",
"49.22435196,16.59451044,2016,7,3",
"49.19631824,16.66677001,2016,7,2",
"49.19147044,16.60619092,2016,7,2",
"49.21958886,16.64342036,2016,7,2",
"49.22371313,16.59747573,2016,7,5",
"49.19121209,16.62030687,2016,7,6",
"49.19759857,16.66557328,2016,7,2",
"49.16400403,16.60645341,2016,7,2",
"49.16400403,16.60645341,2016,7,2",
"49.21053981,16.58656603,2016,7,5",
"49.21942686,16.64330735,2016,8,2",
"49.20769227,16.60398282,2016,8,2",
"49.22575188,16.52756905,2016,8,6",
"49.22575188,16.52756905,2016,8,6",
"49.21765964,16.60704136,2016,8,1",
"49.22345715,16.59646971,2016,8,1",
"49.1908863,16.61096588,2016,8,5",
"49.18366785,16.57264659,2016,8,1",
"49.18461619,16.60249956,2016,8,1",
"49.24787362,16.49235038,2016,8,5",
"49.21185921,16.69863977,2016,8,1",
"49.18815419,16.56742686,2016,8,2",
"49.18507183,16.57614066,2016,8,3",
"49.1955886,16.64996002,2016,9,7",
"49.13287321,16.65161157,2016,9,7",
"49.2601761,16.57631581,2016,9,4",
"49.20142998,16.63286357,2016,9,2",
"49.2227396,16.61860261,2016,9,4",
"49.21724689,16.63785025,2016,9,6",
"49.20785626,16.60426083,2016,9,1",
"49.16144116,16.63711417,2016,9,2",
"49.20674513,16.6000803,2016,9,5",
"49.19744288,16.60007227,2016,9,3",
"49.18691141,16.63996358,2016,9,4",
"49.196383,16.59281023,2016,10,1",
"49.17407402,16.67122376,2016,10,1",
"49.19288651,16.56410013,2016,10,1",
"49.18211128,16.59304144,2016,10,2",
"49.19573644,16.61476713,2016,10,2",
"49.21734242,16.62077224,2016,11,1",
"49.17043091,16.62579171,2016,11,2",
"49.18240192,16.60918242,2016,11,7",
"49.18242701,16.68995517,2016,11,3",
"49.21547319,16.6218252,2016,12,4",
"49.16347822,16.59695141,2016,12,5",
"49.20017381,16.60828839,2016,12,2",
"49.1828485,16.67008625,2016,12,5",
"49.2017669,16.60750349,2017,1,3",
"49.19153769,16.59570795,2017,1,3",
"49.20188376,16.61366347,2017,2,4",
"49.21258423,16.59251998,2017,2,1",
"49.19153469,16.59559596,2017,3,2",
"49.1781167,16.5671903,2017,3,3",
"49.21221104,16.57981715,2017,3,4",
"49.18746393,16.61935066,2017,3,1",
"49.21860976,16.51938868,2017,3,2",
"49.19691756,16.6121642,2017,3,3",
"49.22641683,16.53101708,2017,3,4",
"49.18007551,16.62124325,2017,3,4",
"49.21886977,16.60403644,2017,4,7",
"49.20913849,16.59749393,2017,4,6",
"49.21028949,16.55715111,2017,4,7",
"49.20441747,16.67348144,2017,4,6",
"49.24186545,16.5739008,2017,4,2",
"49.2416071,16.57367798,2017,5,1",
"49.19826174,16.60716829,2017,5,6",
"49.20926547,16.59843693,2017,5,2",
"49.21541652,16.56572537,2017,5,2",
"49.19479472,16.643375,2017,5,5",
"49.28809679,16.63079219,2017,5,6",
"49.16661216,16.55795069,2017,5,7",
"49.18632418,16.64874651,2017,5,1",
"49.19939528,16.58680142,2017,5,1",
"49.19880104,16.63806723,2017,5,4",
"49.27787903,16.60604469,2017,5,6",
"49.20755024,16.60464482,2017,5,1",
"49.18360606,16.56364562,2017,5,2",
"49.16224659,16.57870639,2017,5,4",
"49.19544368,16.64658402,2017,5,6",
"49.23662297,16.62741135,2017,5,6",
"49.23831903,16.58543858,2017,5,2",
"49.15472748,16.65042876,2017,5,2",
"49.22354619,16.59500973,2017,5,2",
"49.20761146,16.60448481,2017,6,6",
"49.20761146,16.60448481,2017,6,6",
"49.2040451,16.51910288,2017,6,7",
"49.23465634,16.52362655,2017,6,6",
"49.22846028,16.59989698,2017,6,7",
"49.19486142,16.61398009,2017,6,1",
"49.26114426,16.57090087,2017,6,2",
"49.21052171,16.61054449,2017,6,3",
"49.19392946,16.65239692,2017,6,4",
"49.19674255,16.6123062,2017,6,7",
"49.24286435,16.5908443,2017,6,2",
"49.19545961,16.64945801,2017,6,4",
"49.21631909,16.67009509,2017,6,5",
"49.19419962,16.60427707,2017,6,6",
"49.23751849,16.52732419,2017,6,7",
"49.21332211,16.57593639,2017,6,1",
"49.18425817,16.60239654,2017,6,2",
"49.19802785,16.51798255,2017,6,2",
"49.20585466,16.66838753,2017,7,7",
"49.21861375,16.51974868,2017,7,3",
"49.18736292,16.61946066,2017,7,3",
"49.21838716,16.51896153,2017,7,2",
"49.19080693,16.62631782,2017,7,2",
"49.15496468,16.62577108,2017,7,3",
"49.19526371,16.64483101,2017,7,5",
"49.21201667,16.55280221,2017,7,7",
"49.19610736,16.60805833,2017,7,2",
"49.20603993,16.57246183,2017,7,6",
"49.17241811,16.57933595,2017,7,1",
"49.22140672,16.65297244,2017,8,2",
"49.20104413,16.63889436,2017,8,2",
"49.20140401,16.60201148,2017,8,3",
"49.20944457,16.59458895,2017,8,5",
"49.22889195,16.53017622,2017,8,6",
"49.19680645,16.61650918,2017,8,7",
"49.23196898,16.57637325,2017,8,3",
"49.19106268,16.59515293,2017,8,3",
"49.19714765,16.52457648,2017,8,3",
"49.19714765,16.52457648,2017,8,3",
"49.19535466,16.64706001,2017,8,3",
"49.18876877,16.62879171,2017,8,3",
"49.19108926,16.61295188,2017,8,3",
"49.18652774,16.6254986,2017,8,3",
"49.21845494,16.55387457,2017,8,5",
"49.21426814,16.66428,2017,8,5",
"49.18576801,16.65438946,2017,8,6",
"49.23655579,16.59283445,2017,8,2",
"49.23655579,16.59283445,2017,8,2",
"49.19172126,16.61459991,2017,8,3",
"49.24495344,16.57941596,2017,8,4",
"49.21174178,16.58981809,2017,8,5",
"49.21827245,16.5740765,2017,8,6",
"49.17229008,16.58029194,2017,8,6",
"49.24646549,16.57989504,2017,8,2",
"49.18826853,16.61649566,2017,8,3",
"49.18670015,16.65096052,2017,8,3",
"49.21345818,16.57649023,2017,8,3",
"49.22096693,16.64349944,2017,9,4",
"49.22096693,16.64349944,2017,9,4",
"49.20893733,16.6036049,2017,9,4",
"49.22242538,16.5849297,2017,9,4",
"49.20425594,16.61082162,2017,9,2",
"49.19631288,16.65515012,2017,9,5",
"49.23516986,16.58736638,2017,10,1",
"49.1993175,16.61514249,2017,10,1",
"49.19657644,16.61637917,2017,10,3",
"49.19764388,16.64245515,2017,10,5",
"49.21420751,16.63686386,2017,10,3",
"49.18744455,16.59323374,2017,10,1",
"49.21187066,16.59695524,2017,10,1",
"49.17283811,16.59140403,2017,10,6",
"49.19641671,16.6046072,2017,11,4",
"49.21220463,16.55520222,2017,11,5",
"49.21222105,16.57982915,2017,11,6",
"49.18997717,16.61450581,2017,11,1",
"49.18705049,16.59495071,2017,11,5",
"49.21883456,16.52838967,2017,11,6",
"49.16844298,16.57585574,2017,11,6",
"49.21031599,16.57819705,2017,11,7",
"49.21064924,16.61059996,2017,11,2",
"49.18687233,16.59488912,2017,11,3",
"49.20049116,16.59419346,2017,11,5",
"49.20753579,16.62383676,2017,12,5",
"49.1951008,16.64062601,2017,12,7",
"49.13788085,16.63691288,2017,12,1",
"49.16949653,16.55506986,2017,12,2",
"49.24204018,16.58579577,2017,12,5",
"49.23812668,16.51565176,2018,3,6",
"49.19157669,16.59567597,2018,3,1",
"49.19510567,16.646142,2018,3,2",
"49.19583455,16.65248102,2018,4,6",
"49.22592548,16.53437845,2018,4,6",
"49.22592548,16.53437845,2018,4,6",
"49.19665657,16.52696845,2018,4,2",
"49.21098266,16.59350804,2018,4,2",
"49.16651776,16.62336749,2018,4,7",
"49.16651776,16.62336749,2018,4,7",
"49.16652033,16.5571017,2018,4,7",
"49.22024926,16.58573557,2018,4,2",
"49.19079528,16.61151587,2018,4,4",
"49.22582625,16.59665485,2018,4,5",
"49.19621181,16.60786407,2018,4,5",
"49.22051416,16.59678892,2018,4,2",
"49.19842221,16.63001823,2018,4,2",
"49.19567192,16.59458319,2018,4,3",
"49.20128618,16.63691638,2018,4,4",
"49.20692701,16.57120488,2018,4,5",
"49.2204129,16.6435044,2018,4,6",
"49.24371923,16.71332648,2018,5,2",
"49.22098249,16.53537276,2018,5,2",
"49.24648069,16.57994189,2018,5,2",
"49.18972216,16.6143718,2018,5,4",
"49.24720753,16.57950608,2018,5,6",
"49.19427312,16.54095628,2018,5,5",
"49.19559846,16.61363813,2018,5,6",
"49.19559846,16.61363813,2018,5,6",
"49.19559846,16.61363813,2018,5,6",
"49.19559846,16.61363813,2018,5,6",
"49.19559846,16.61363813,2018,5,6",
"49.19559846,16.61363813,2018,5,6",
"49.19559846,16.61363813,2018,5,6",
"49.19559846,16.61363813,2018,5,6",
"49.19559846,16.61363813,2018,5,6",
"49.19559846,16.61363813,2018,5,6",
"49.19559846,16.61363813,2018,5,6",
"49.19559846,16.61363813,2018,5,6",
"49.19559846,16.61363813,2018,5,6",
"49.19559846,16.61363813,2018,5,6",
"49.22950059,16.63119294,2018,5,1",
"49.19630151,16.65512604,2018,5,2",
"49.21009045,16.59799832,2018,5,4",
"49.22818801,16.6533728,2018,5,7",
"49.20263943,16.62917647,2018,5,1",
"49.19365402,16.62864097,2018,5,1",
"49.19182817,16.61823991,2018,5,2",
"49.22978194,16.53227625,2018,6,6",
"49.21837984,16.59984643,2018,6,1",
"49.18973172,16.63409465,2018,6,2",
"49.23238426,16.65012105,2018,6,5",
"49.19401354,16.64917894,2018,6,5",
"49.19401354,16.64917894,2018,6,5",
"49.19870175,16.60778831,2018,6,5",
"49.2354785,16.51875061,2018,6,6",
"49.20080373,16.61278742,2018,6,7",
"49.24356134,16.58141688,2018,6,1",
"49.21143596,16.5816711,2018,6,2",
"49.22142005,16.5966266,2018,6,5",
"49.20147747,16.62507642,2018,6,5",
"49.26077805,16.57922983,2018,6,7",
"49.22088825,16.62947748,2018,6,4",
"49.1677034,16.55666976,2018,6,5",
"49.19969907,16.63856028,2018,6,5",
"49.19554149,16.61240913,2018,7,1",
"49.18995676,16.63168077,2018,7,3",
"49.22828335,16.51236623,2018,7,4",
"49.20266527,16.63597644,2018,7,7",
"49.14811925,16.60222155,2018,7,4",
"49.18220746,16.61073219,2018,7,5",
"49.1964815,16.65625905,2018,7,5",
"49.21884434,16.57971051,2018,7,2",
"49.19796404,16.59391832,2018,7,4",
"49.18865124,16.56626689,2018,7,1",
"49.18865124,16.56626689,2018,7,1",
"49.19742082,16.60252826,2018,7,3",
"49.19899331,16.62709728,2018,7,3",
"49.20450836,16.62376142,2018,7,3",
"49.19265933,16.61325397,2018,7,7",
"49.18330708,16.60412449,2018,7,1",
"49.18330708,16.60412449,2018,7,1",
"49.1749987,16.62213538,2018,8,4",
"49.20239749,16.62647647,2018,8,5",
"49.21549173,16.59946326,2018,8,7",
"49.22053503,16.55387868,2018,8,1",
"49.18486451,16.5892616,2018,8,1",
"49.24242825,16.49910806,2018,8,2",
"49.22174349,16.5364098,2018,8,6",
"49.21058864,16.59366201,2018,8,2",
"49.19607745,16.61526315,2018,8,2",
"49.21592792,16.71879793,2018,8,3",
"49.21592792,16.71879793,2018,8,3",
"49.24630348,16.57999403,2018,8,7",
"49.20762261,16.63163374,2018,8,4",
"49.20762261,16.63163374,2018,8,4",
"49.21558368,16.64377914,2018,8,4",
"49.19679045,16.61657019,2018,8,3",
"49.19639952,16.65517805,2018,9,4",
"49.21219605,16.57948714,2018,9,5",
"49.20896889,16.62233284,2018,9,7",
"49.21039263,16.59390901,2018,9,7",
"49.21541671,16.59983026,2018,9,3",
"49.20482168,16.62307961,2018,9,3",
"49.23909327,16.57687363,2018,9,6",
"49.19424404,16.62861801,2018,9,7",
"49.21610384,16.55375843,2018,9,2",
"49.21610384,16.55375843,2018,9,2",
"49.1855785,16.50663589,2018,9,5",
"49.22261637,16.61834879,2018,9,3",
"49.23845233,16.5853407,2018,9,3",
"49.21226005,16.57933414,2018,10,6",
"49.22078903,16.5542957,2018,10,3",
"49.22406559,16.53670093,2018,10,7",
"49.2242754,16.62972766,2018,10,7",
"49.20277154,16.66716336,2018,10,1",
"49.22421315,16.63985263,2018,10,6",
"49.19149398,16.62543986,2018,10,4",
"49.22090052,16.53396777,2018,10,5",
"49.20065842,16.62589736,2018,10,1",
"49.19954593,16.60180338,2018,10,1",
"49.2044773,16.63829554,2018,11,5",
"49.19563668,16.64651403,2018,11,2",
"49.1925485,16.60594299,2018,11,7",
"49.18083636,16.67912521,2018,11,6",
"49.18525721,16.60296259,2018,11,6",
"49.18988982,16.54460902,2019,2,7",
"49.22272768,16.52999188,2019,2,2",
"49.22043769,16.52584477,2019,3,7",
"49.17996108,16.68137506,2019,3,1",
"49.16628213,16.69177028,2019,3,3",
"49.19658662,16.52438745,2019,3,5",
"49.20225794,16.60713252,2019,4,1",
"49.18320581,16.61523345,2019,4,4",
"49.21198083,16.58830511,2019,4,7",
"49.17705977,16.60379514,2019,4,5",
"49.21199018,16.61567703,2019,4,5",
"49.22296398,16.64490654,2019,4,2",
"49.1762083,16.62185803,2019,4,5",
"49.18946331,16.6074538,2019,4,5",
"49.19130432,16.6110039,2019,4,5",
"49.22886814,16.64896585,2019,4,7",
"49.22351256,16.53692689,2019,4,3",
"49.18099103,16.55952249,2019,4,3",
"49.20494027,16.55619582,2019,4,5",
"49.19106629,16.61149589,2019,4,6",
"49.19106629,16.61149589,2019,4,6",
"49.21457437,16.5707243,2019,5,3",
"49.22115294,16.52806088,2019,5,4",
"49.19323445,16.56726114,2019,5,4",
"49.18497487,16.57427766,2019,5,6",
"49.18497487,16.57427766,2019,5,6",
"49.19093967,16.59531893,2019,5,4",
"49.21065069,16.63351089,2019,5,3",
"49.23069033,16.51739435,2019,5,5",
"49.17369932,16.57368604,2019,5,2",
"49.15809294,16.59638711,2019,5,4",
"49.1637953,16.59406444,2019,5,4",
"49.26073623,16.57179385,2019,5,4",
"49.20251032,16.63333145,2019,5,5",
"49.20226521,16.60737612,2019,5,5",
"49.19797444,16.61954624,2019,5,1",
"49.21866209,16.51939103,2019,5,4",
"49.25582201,16.57337757,2019,6,3",
"49.2125511,16.57809217,2019,6,4",
"49.19420144,16.56920518,2019,6,4",
"49.21870186,16.64234131,2019,6,5",
"49.19050972,16.59235591,2019,6,5",
"49.18971581,16.62096368,2019,6,5",
"49.20849406,16.57202397,2019,6,5",
"49.23935922,16.57939864,2019,6,6",
"49.23846809,16.58361259,2019,6,1",
"49.19037773,16.63399479,2019,6,2",
"49.24592626,16.50716794,2019,6,7",
"49.17926396,16.5584824,2019,6,3",
"49.20204323,16.59431055,2019,6,6",
"49.21163994,16.58289111,2019,6,2",
"49.1937276,16.56197118,2019,6,7",
"49.19503504,16.58795518,2019,7,1",
"49.1985042,16.63063023,2019,7,3",
"49.19403917,16.53829527,2019,7,3",
"49.21206565,16.59626408,2019,7,4",
"49.18897375,16.58800984,2019,7,5",
"49.21152874,16.63366195,2019,7,6",
"49.19702367,16.60753922,2019,7,1",
"49.20733054,16.59154984,2019,7,4",
"49.25271851,16.58936435,2019,7,4",
"49.21549652,16.56584036,2019,7,4",
"49.19978275,16.61019537,2019,7,5",
"49.22871391,16.61621795,2019,7,2",
"49.15146714,16.65712356,2019,7,7",
"49.20306574,16.60696082,2019,7,1",
"49.20025308,16.59699244,2019,7,1",
"49.20151289,16.60754748,2019,7,3",
"49.21147861,16.63922792,2019,7,3",
"49.19641652,16.65516905,2019,7,5",
"49.17511734,16.61812799,2019,7,5",
"49.19883423,16.58779338,2019,7,6",
"49.22060096,16.59889956,2019,7,7",
"49.19498857,16.60776711,2019,7,3",
"49.19772368,16.56639539,2019,8,5",
"49.21129366,16.59420506,2019,8,6",
"49.20407034,16.59372765,2019,8,1",
"49.19631252,16.65529105,2019,8,3",
"49.21820845,16.57405349,2019,8,4",
"49.21820845,16.57405349,2019,8,4",
"49.21471969,16.55720535,2019,8,5",
"49.1628797,16.61749132,2019,6,3",
"49.1628797,16.61749132,2019,6,3",
"49.21457838,16.5702813,2019,8,1",
"49.20390393,16.6107046,2019,8,5",
"49.22054715,16.50634983,2019,8,7",
"49.22918297,16.48769836,2019,8,7",
"49.20170245,16.62622142,2019,8,2",
"49.17333707,16.583285,2019,8,3",
"49.19967272,16.61086636,2019,8,3",
"49.19851566,16.60392988,2019,8,6",
"49.26069385,16.5879508,2019,8,7",
"49.26069385,16.5879508,2019,8,7",
"49.26069385,16.5879508,2019,8,7",
"49.21169561,16.63928194,2019,8,7",
"49.19315535,16.61369399,2019,8,2",
"49.21043352,16.59838799,2019,8,3",
"49.20914419,16.60962088,2019,8,5",
"49.20123009,16.59835448,2019,8,6",
"49.22374716,16.59638373,2019,8,6",
"49.2321137,16.46179459,2019,9,3",
"49.2321137,16.46179459,2019,9,3",
"49.18504008,16.6921493,2019,9,4",
"49.18484047,16.63332147,2019,9,5",
"49.20145202,16.60207049,2019,9,2",
"49.18670646,16.59521769,2019,9,2",
"49.19549564,16.60593515,2019,9,2",
"49.20294939,16.63146648,2019,9,3",
"49.1930155,16.60662401,2019,9,4",
"49.19909326,16.58695641,2019,9,5",
"49.19953583,16.60616637,2019,10,3",
"49.21725773,16.56041449,2019,10,5",
"49.20095217,16.60275689,2019,10,2",
"49.17876256,16.57453432,2019,10,7",
"49.22116126,16.62965548,2019,10,2",
"49.1802283,16.63061423,2019,10,1",
"49.21629676,16.59929131,2019,10,5",
"49.22511725,16.63729368,2019,10,7",
"49.23515148,16.5188986,2019,10,1",
"49.2044063,16.59588967,2019,10,2",
"49.16577815,16.64744139,2019,10,3",
"49.18457881,16.60237187,2019,11,5",
"49.23661493,16.58666147,2019,11,1",
"49.23003962,16.63057497,2019,11,1",
"49.22017521,16.62962943,2019,11,6",
"49.1904803,16.60991886,2019,11,7",
"49.2471615,16.58054108,2019,11,3",
"49.2204719,16.64382241,2019,12,7",
"49.21494431,16.61597319,2019,12,4",
"49.25347663,16.45879679,2020,1,3",
"49.18936043,16.60205782,2020,1,3",
"49.18543221,16.6031886,2020,1,2",
"49.21271888,16.58731515,2020,1,3",
"49.21937007,16.5919625,2020,1,5",
"49.19564668,16.64654003,2020,2,4",
"49.1984896,16.61366629,2020,2,5",
"49.19881575,16.60801333,2020,2,1",
"49.1940385,16.60898706,2020,3,2",
"49.22298748,16.6236246,2020,3,3",
"49.22054363,16.52825976,2020,3,4",
"49.20741728,16.64510568,2020,3,1",
"49.20200625,16.58065015,2020,3,6",
"49.20284544,16.62921848,2020,4,2",
"49.21439138,16.5696063,2020,4,4",
"49.21571574,16.64148016,2020,4,5",
"49.22304396,16.51900592,2020,4,7",
"49.2031535,16.71163425,2020,4,1",
"49.19993134,16.58559146,2020,4,2",
"49.24515539,16.62456383,2020,4,6",
"49.22294907,16.55632981,2020,4,1",
"49.2228663,16.59006312,2020,4,2",
"49.17745024,16.52773511,2020,4,6",
"49.19138696,16.62645386,2020,4,1",
"49.23308939,16.51919048,2020,5,7",
"49.18421073,16.66320335,2020,5,5",
"49.20696025,16.64522565,2020,5,6",
"49.2285756,16.58667103,2020,5,5",
"49.15592521,16.62234392,2020,5,1",
"49.18925055,16.63891571,2020,5,3",
"49.19197436,16.61043994,2020,5,5",
"49.20671587,16.47932094,2020,5,5",
"49.20698402,16.48613614,2020,5,2",
"49.19094242,16.64782377,2020,5,3",
"49.23463387,16.62840523,2020,5,3",
"49.20880054,16.55232804,2020,5,6",
"49.21858748,16.57348552,2020,6,1",
"49.19159511,16.62032989,2020,6,2",
"49.20090222,16.63439836,2020,6,3",
"49.19752003,16.59378329,2020,6,3",
"49.17815992,16.64224009,2020,6,4",
"49.18298209,16.60332246,2020,6,1",
"49.18298209,16.60332246,2020,6,1",
"49.19090169,16.59465192,2020,6,2",
"49.21003269,16.63267287,2020,6,3",
"49.18420734,16.59516556,2020,6,4",
"49.21173396,16.58229012,2020,6,1",
"49.16956852,16.68271549,2020,6,2",
"49.23330466,16.46544365,2020,6,2",
"49.23178535,16.5183824,2020,6,2",
"49.19115912,16.61139648,2020,6,3",
"49.22543787,16.52721304,2020,6,6",
"49.19555063,16.64891902,2020,6,7",
"49.17005897,16.62243969,2020,7,3",
"49.19604855,16.65303504,2020,7,5",
"49.19547862,16.64922901,2020,7,7",
"49.17854595,16.68403898,2020,7,1",
"49.16630813,16.69195828,2020,7,1",
"49.22730445,16.59074595,2020,7,5",
"49.18615898,16.61456961,2020,7,5",
"49.21616576,16.5993983,2020,7,5",
"49.20079543,16.5836325,2020,7,7",
"49.1959946,16.56634129,2020,7,7",
"49.1987622,16.58885438,2020,7,2",
"49.21579454,16.56552839,2020,7,3",
"49.20754834,16.60025382,2020,7,7",
"49.16326355,16.62473532,2020,7,1",
"49.22354618,16.59486173,2020,7,3",
"49.25139548,16.58881229,2020,7,3",
"49.21663642,16.57233441,2020,7,4",
"49.22983619,16.64843291,2020,7,4",
"49.1832321,16.60327247,2020,7,2",
"49.1832321,16.60327247,2020,7,2",
"49.22050401,16.55460168,2020,7,2",
"49.23827604,16.58529257,2020,7,3",
"49.18439193,16.65539638,2020,7,3",
"49.19486057,16.52304937,2020,7,3",
"49.21556068,16.60130427,2020,7,4",
"49.12159161,16.64831095,2020,8,6",
"49.20077341,16.5838765,2020,8,7",
"49.1958944,16.53242939,2020,8,4",
"49.19490542,16.61408409,2020,8,6",
"49.21041142,16.60262798,2020,8,1",
"49.17561077,16.55865819,2020,8,3",
"49.2157017,16.64316015,2020,8,3",
"49.18671847,16.5948317,2020,8,7",
"49.21944011,16.54798665,2020,8,1",
"49.17777075,16.64019716,2020,8,3",
"49.13622179,16.67769667,2020,8,3",
"49.19338446,16.56686214,2020,8,4",
"49.19545746,16.61345512,2020,8,5",
"49.24409011,16.50751412,2020,8,6",
"49.19947738,16.62484131,2020,8,1",
"49.20409831,16.6790684,2020,8,1",
"49.18194728,16.59281143,2020,8,5",
"49.21616707,16.67058509,2020,8,6",
"49.18923027,16.56655691,2020,8,6",
"49.18923027,16.56655691,2020,8,6",
"49.20858151,16.5951439,2020,8,7",
"49.19617363,16.61572961,2020,9,2",
"49.14631784,16.65772328,2020,9,5",
"49.20177671,16.61556646,2020,9,5",
"49.20177671,16.61556646,2020,9,5",
"49.20756035,16.6425687,2020,9,1",
"49.19878443,16.62156028,2020,9,2",
"49.19892122,16.58857838,2020,9,5",
"49.22388527,16.59232375,2020,9,6",
"49.21565809,16.62668119,2020,9,7",
"49.18314054,16.66883928,2020,9,1",
"49.21481277,16.59620624,2020,9,1",
"49.19601943,16.6364648,2020,10,6",
"49.19601943,16.6364648,2020,10,6",
"49.19909476,16.60832634,2020,10,3",
"49.2155197,16.64264514,2020,10,5",
"49.19020246,16.64240408,2020,10,3",
"49.19020246,16.64240408,2020,10,3",
"49.16953691,16.62376566,2020,10,1",
"49.18262601,16.60562544,2020,10,3",
"49.16884902,16.57531177,2020,10,4",
"49.20233854,16.62364147,2020,11,2",
"49.16644389,16.69174218,2020,11,1",
"49.20696919,16.60562478,2020,11,2",
"49.21302516,16.57642221,2020,11,4",
"49.18892226,16.60831778,2020,11,5",
"49.22995029,16.64431793,2021,1,4",
"49.20536786,16.65870953,2021,3,6",
"49.23055731,16.51802534,2021,3,1",
"49.20800318,16.66021371,2021,4,5",
"49.17429621,16.53740518,2021,4,2",
"49.14505266,16.62001532,2021,4,5",
"49.19539157,16.650813,2021,4,1",
"49.22388458,16.62113466,2021,4,1",
"49.2204839,16.6437604,2021,4,1",
"49.19931327,16.58713842,2021,4,2",
"49.19762088,16.64260015,2021,4,1",
"49.18653441,16.59738468,2021,4,2",
"49.20064139,16.5844105,2021,4,3",
"49.18781565,16.58956178,2021,4,4",
"49.19284382,16.63526591,2021,5,3",
"49.19387061,16.60390706,2021,5,4",
"49.21819964,16.60796439,2021,5,6",
"49.21516213,16.58202931,2021,5,1",
"49.25707123,16.60843753,2021,5,5",
"49.18024312,16.68039607,2021,5,7",
"49.22877213,16.64892385,2021,5,2",
"49.22877213,16.64892385,2021,5,2",
"49.22877213,16.64892385,2021,5,2",
"49.20230678,16.6137275,2021,5,6",
"49.19170925,16.61483291,2021,5,2",
"49.19290933,16.61383897,2021,5,6",
"49.19075073,16.59202993,2021,6,2",
"49.21260401,16.62441003,2021,6,3",
"49.23295779,16.62868714,2021,6,4",
"49.18535155,16.58876663,2021,6,6",
"49.16957033,16.56390084,2021,6,6",
"49.1975871,16.63308318,2021,6,6",
"49.22377681,16.52699194,2021,6,6",
"49.20530455,16.62952761,2021,6,7",
"49.21600173,16.64242917,2021,6,7",
"49.1912123,16.61133289,2021,6,1",
"49.1892675,16.59919483,2021,6,2",
"49.2068793,16.60074079,2021,6,3",
"49.20659007,16.69449449,2021,6,3",
"49.19562861,16.64999301,2021,6,3",
"49.20187097,16.6048575,2021,6,3",
"49.24232404,16.553968,2021,6,4",
"49.24232404,16.553968,2021,6,4",
"49.21926685,16.64339334,2021,6,4",
"49.19604094,16.59447221,2021,6,4",
"49.18871178,16.62855971,2021,6,4",
"49.25270149,16.59029936,2021,6,5",
"49.2257589,16.52659006,2021,6,6",
"49.22709399,16.52505913,2021,6,1",
"49.19560363,16.64901802,2021,6,4",
"49.21772385,16.55626051,2021,6,6",
"49.21772385,16.55626051,2021,6,6",
"49.19805199,16.63850018,2021,6,6",
"49.21935276,16.52078571,2021,6,6",
"49.16359403,16.64767826,2021,6,2",
"49.23239575,16.62934912,2021,6,3",
"49.19677003,16.59215725,2021,6,3",
"49.15882834,16.62581195,2021,6,3",
"49.1675407,16.58631567,2021,6,4",
"49.19172413,16.6197529,2021,6,6",
"49.21045242,16.60287399,2021,6,7",
"49.17756248,16.57517725,2021,6,3",
"49.20079756,16.61298749,2021,6,3",
"49.19548159,16.60794914,2021,7,4",
"49.2298903,16.51701932,2021,7,6",
"49.21617162,16.60525929,2021,7,6",
"49.24865077,16.48695744,2021,6,2",
"49.17358537,16.52877118,2021,7,7",
"49.20932276,16.58628397,2021,7,3",
"49.21949586,16.64328335,2021,7,6",
"49.21257223,16.57246619,2021,7,7",
"49.19289982,16.63546892,2021,7,1",
"49.2026009,16.56686665,2021,7,1",
"49.21821291,16.68115718,2021,7,2",
"49.2040282,16.59941264,2021,7,2",
"49.20739823,16.60468781,2021,7,4",
"49.19179535,16.61052793,2021,7,5",
"49.20524037,16.59445871,2021,7,4",
"49.19025528,16.61018684,2021,8,2",
"49.16268028,16.63490325,2021,8,2",
"49.2421989,16.55566387,2021,8,3",
"49.19159169,16.59560896,2021,8,3",
"49.19903882,16.60550034,2021,8,6",
"49.16276029,16.63476325,2021,8,3",
"49.1941554,16.65216173,2021,8,7",
"49.20388587,16.65512746,2021,8,4",
"49.14787066,16.66901634,2021,8,4",
"49.22052949,16.66128836,2021,8,6",
"49.19109641,16.64874978,2021,8,7",
"49.15423407,16.62429882,2021,8,7",
"49.19008976,16.5896739,2021,8,2",
"49.19480172,16.643314,2021,8,3",
"49.21373176,16.63687806,2021,8,7",
"49.15430738,16.65375673,2021,9,4",
"49.21901107,16.54903061,2021,9,4",
"49.21901107,16.54903061,2021,9,4",
"49.19759322,16.6277812,2021,9,7",
"49.21637561,16.56358742,2021,9,1",
"49.20567413,16.6056097,2021,9,4",
"49.18150607,16.60112139,2021,9,6",
"49.18235296,16.69180816,2021,9,7",
"49.19887174,16.56613245,2021,9,7",
"49.21342118,16.57639522,2021,9,1",
"49.21896347,16.57444154,2021,9,3",
"49.20363959,16.62450053,2021,9,4",
"49.14825577,16.66491136,2021,9,5",
"49.14825577,16.66491136,2021,9,5",
"49.19058631,16.60996086,2021,9,5",
"49.18974143,16.60288884,2021,9,2",
"49.21772949,16.57124948,2021,9,4",
"49.18354405,16.56369362,2021,9,5",
"49.21873226,16.54064763,2021,9,6",
"49.21873226,16.54064763,2021,9,6",
"49.18848482,16.6261597,2021,9,7",
"49.20682002,16.48556814,2021,10,5",
"49.19190218,16.6181909,2021,10,6",
"49.17852638,16.62367115,2021,10,7",
"49.17852638,16.62367115,2021,10,7",
"49.19330134,16.57190912,2021,10,2",
"49.18476337,16.59498859,2021,10,4",
"49.18971175,16.63170676,2021,10,5",
"49.19555762,16.64935102,2021,10,7",
"49.20363159,16.66661441,2021,10,4",
"49.19748869,16.65029412,2021,10,5",
"49.19748869,16.65029412,2021,10,5",
"49.20577933,16.59745174,2021,10,1",
"49.19980394,16.60172939,2021,10,3",
"49.21409916,16.57809326,2021,10,6",
"49.21409916,16.57809326,2021,10,6",
"49.20753955,16.59182885,2021,10,3",
"49.19277083,16.63437192,2021,10,4",
"49.18843541,16.64319064,2021,10,7",
"49.19309742,16.61047501,2021,11,2",
"49.16331501,16.60587238,2021,11,4",
"49.19826195,16.59872031,2021,11,5",
"49.19169322,16.61569091,2021,11,2",
"49.22038714,16.63342343,2021,11,5",
"49.18919657,16.59562182,2021,11,5",
"49.19314835,16.613518,2021,11,2",
"49.2187041,16.57402383,2021,12,2",
"49.21242108,16.57849517,2021,12,3",
"49.19891561,16.61422731,2021,12,3",
"49.18950793,16.62363576,2021,12,3",
"49.21162272,16.63430295,2021,12,1",
"49.21162272,16.63430295,2021,12,1",
"49.21867133,16.51940864,2014,11,3",
"49.25202607,16.44929981,2021,8,7",
