<?xml version="1.0" encoding="UTF-8"?><MD_Metadata xmlns:gts="http://www.isotc211.org/2005/gts" xmlns:gco="http://www.isotc211.org/2005/gco" xmlns:xalan="http://xml.apache.org/xalan" xmlns:srv="http://www.isotc211.org/2005/srv" xmlns:gmx="http://www.isotc211.org/2005/gmx" xmlns:xlink="http://www.w3.org/1999/xlink" xmlns:xsi="http://www.w3.org/2001/XMLSchema-instance" xmlns:gml="http://www.opengis.net/gml" xmlns="http://www.isotc211.org/2005/gmd">
    <fileIdentifier>
        <gco:CharacterString>1620809575231r9953312141337449</gco:CharacterString>
    </fileIdentifier>
    <characterSet>
        <MD_CharacterSetCode codeList="http://www.isotc211.org/2005/resources/Codelist/gmxCodelists.xml#MD_CharacterSetCode" codeListValue="utf8" codeSpace="ISOTC211/19115">utf8</MD_CharacterSetCode>
    </characterSet>
    <hierarchyLevel>
        <MD_ScopeCode codeList="http://www.isotc211.org/2005/resources/Codelist/gmxCodelists.xml#MD_ScopeCode" codeListValue="dataset" codeSpace="ISOTC211/19115">dataset</MD_ScopeCode>
    </hierarchyLevel>
    <hierarchyLevelName>
        <gco:CharacterString>dataset</gco:CharacterString>
    </hierarchyLevelName>
    <contact>
        <CI_ResponsibleParty>
            <role>
                <CI_RoleCode codeList="http://www.isotc211.org/2005/resources/Codelist/gmxCodelists.xml#CI_RoleCode" codeListValue="pointOfContact" codeSpace="ISOTC211/19115">pointOfContact</CI_RoleCode>
            </role>
        </CI_ResponsibleParty>
    </contact>
    <dateStamp>
        <gco:Date>2021-05-12</gco:Date>
    </dateStamp>
    <metadataStandardName>
        <gco:CharacterString>INSPIRE Metadata Implementing Rules: Technical Guidelines based on EN ISO 19115 and EN ISO 19119</gco:CharacterString>
    </metadataStandardName>
    <metadataStandardVersion>
        <gco:CharacterString>V. 2.0.1</gco:CharacterString>
    </metadataStandardVersion>
    <identificationInfo>
        <MD_DataIdentification>
            <citation>
                <CI_Citation>
                    <title>
                        <gmx:Anchor xlink:href="https://gis.brno.cz/public/opendata/pk_g_cykloopatreni_realizovana_sjtsk.geojson">Cykloopatření – zrealizovaná / Cycling infrastructure - existing</gmx:Anchor>
                    </title>
                    <date gco:nilReason="missing"/>
                    <otherCitationDetails>
                        <gco:CharacterString>https://mmbonline.sharepoint.com/:x:/s/public/OMI/gis/EbklgGRheONGsd36RLZSlt0Bxg7fVJW6mKPkLDvMRtyK2g?e=HaOSIH</gco:CharacterString>
                    </otherCitationDetails>
                </CI_Citation>
            </citation>
            <abstract>
                <gco:CharacterString>Datová sada obsahuje zrealizovaná cyklistická opatření v rámci území Brna např. (cyklostezky, jízdní pruhy pro cyklisty, cykloobousměrky a další). Data jsou spravována Odborem dopravy a aktualizována v co nejkratší době po realizaci daného opatření. Data jsou k nahlédnutí v aplikaci Cyklistická opatření. Podrobnější informace najdete v dokumentaci. Data jsou v souřadnicovém systému GCS WGS84.</gco:CharacterString>
            </abstract>
            <credit>
                <gco:CharacterString>b265cd80-b4d8-44c6-92f7-8d1ca5819326</gco:CharacterString>
            </credit>
            <pointOfContact>
                <CI_ResponsibleParty>
                    <individualName>
                        <gco:CharacterString>Komínek Jiří, Mgr.</gco:CharacterString>
                    </individualName>
                    <organisationName>
                        <gco:CharacterString>Odbor dopravy (OD)</gco:CharacterString>
                    </organisationName>
                    <contactInfo>
                        <CI_Contact>
                            <phone>
                                <CI_Telephone>
                                    <voice>
                                        <gco:CharacterString>542 174 455</gco:CharacterString>
                                    </voice>
                                </CI_Telephone>
                            </phone>
                        </CI_Contact>
                    </contactInfo>
                    <role>
                        <CI_RoleCode codeList="http://www.isotc211.org/2005/resources/Codelist/gmxCodelists.xml#CI_RoleCode" codeListValue="pointOfContact" codeSpace="ISOTC211/19115">pointOfContact</CI_RoleCode>
                    </role>
                </CI_ResponsibleParty>
            </pointOfContact>
            <resourceMaintenance>
                <MD_MaintenanceInformation>
                    <maintenanceAndUpdateFrequency>
                        <MD_MaintenanceFrequencyCode codeList="http://www.isotc211.org/2005/resources/Codelist/gmxCodelists.xml#MD_MaintenanceFrequencyCode" codeListValue="irregular" codeSpace="ISOTC211/19115">irregular</MD_MaintenanceFrequencyCode>
                    </maintenanceAndUpdateFrequency>
                </MD_MaintenanceInformation>
            </resourceMaintenance>
            <resourceConstraints>
                <MD_Constraints>
                    <useLimitation>
                        <gco:CharacterString>CC BY</gco:CharacterString>
                    </useLimitation>
                </MD_Constraints>
            </resourceConstraints>
            <resourceConstraints>
                <MD_LegalConstraints>
                    <accessConstraints>
                        <MD_RestrictionCode codeList="http://www.isotc211.org/2005/resources/Codelist/gmxCodelists.xml#MD_RestrictionCode" codeListValue="otherRestrictions">otherRestrictions</MD_RestrictionCode>
                    </accessConstraints>
                    <otherConstraints>
                        <gmx:Anchor xlink:href="http://inspire.ec.europa.eu/metadata-codelist/LimitationsOnPublicAccess/noLimitations">no limitations to public access</gmx:Anchor>
                    </otherConstraints>
                </MD_LegalConstraints>
            </resourceConstraints>
            <resourceConstraints>
                <MD_LegalConstraints>
                    <useConstraints>
                        <MD_RestrictionCode codeList="http://www.isotc211.org/2005/resources/Codelist/gmxCodelists.xml#MD_RestrictionCode" codeListValue="otherRestrictions">otherRestrictions</MD_RestrictionCode>
                    </useConstraints>
                    <otherConstraints>
                        <gco:CharacterString>Other Constraints</gco:CharacterString>
                    </otherConstraints>
                </MD_LegalConstraints>
            </resourceConstraints>
            <resourceConstraints>
                <MD_LegalConstraints>
                    <accessConstraints>
                        <MD_RestrictionCode codeList="http://www.isotc211.org/2005/resources/Codelist/gmxCodelists.xml#MD_RestrictionCode" codeListValue="otherRestrictions" codeSpace="ISOTC211/19115">otherRestrictions</MD_RestrictionCode>
                    </accessConstraints>
                    <otherConstraints>
                        <gco:CharacterString>Other Constraints</gco:CharacterString>
                    </otherConstraints>
                </MD_LegalConstraints>
            </resourceConstraints>
            <resourceConstraints>
                <MD_LegalConstraints>
                    <useConstraints>
                        <MD_RestrictionCode codeList="http://www.isotc211.org/2005/resources/Codelist/gmxCodelists.xml#MD_RestrictionCode" codeListValue="otherRestrictions">otherRestrictions</MD_RestrictionCode>
                    </useConstraints>
                    <otherConstraints>
                        <gmx:Anchor xlink:href="http://inspire.ec.europa.eu/metadata-codelist/ConditionsApplyingToAccessAndUse/noConditionsApply">no conditions to access and use</gmx:Anchor>
                    </otherConstraints>
                </MD_LegalConstraints>
            </resourceConstraints>
            <resourceConstraints>
                <MD_LegalConstraints>
                    <useConstraints>
                        <MD_RestrictionCode codeList="http://www.isotc211.org/2005/resources/Codelist/gmxCodelists.xml#MD_RestrictionCode" codeListValue="otherRestrictions" codeSpace="ISOTC211/19115">otherRestrictions</MD_RestrictionCode>
                    </useConstraints>
                    <otherConstraints>
                        <gco:CharacterString>Other Constraints</gco:CharacterString>
                    </otherConstraints>
                </MD_LegalConstraints>
            </resourceConstraints>
            <language gco:nilReason="missing"/>
            <characterSet>
                <MD_CharacterSetCode codeList="http://www.isotc211.org/2005/resources/Codelist/gmxCodelists.xml#MD_CharacterSetCode" codeListValue="utf8" codeSpace="ISOTC211/19115">utf8</MD_CharacterSetCode>
            </characterSet>
            <extent>
                <EX_Extent>
                    <geographicElement>
                        <EX_GeographicDescription>
                            <geographicIdentifier>
                                <MD_Identifier>
                                    <code>
                                        <gco:CharacterString>582786</gco:CharacterString>
                                    </code>
                                </MD_Identifier>
                            </geographicIdentifier>
                        </EX_GeographicDescription>
                    </geographicElement>
                </EX_Extent>
            </extent>
        </MD_DataIdentification>
    </identificationInfo>
    <distributionInfo>
        <MD_Distribution>
            <transferOptions>
                <MD_DigitalTransferOptions>
                    <onLine>
                        <CI_OnlineResource>
                            <linkage>
                                <URL>https://gis.brno.cz/public/opendata/pk_g_cykloopatreni_realizovana_sjtsk.geojson</URL>
                            </linkage>
                            <protocol>
                                <gco:CharacterString>GeoJSON</gco:CharacterString>
                            </protocol>
                            <name>
                                <gco:CharacterString>GeoJSON (S-JTSK)</gco:CharacterString>
                            </name>
                            <function>
                                <CI_OnLineFunctionCode codeList="http://www.isotc211.org/2005/resources/Codelist/gmxCodelists.xml#CI_OnLineFunctionCode" codeListValue="download" codeSpace="ISOTC211/19115">download</CI_OnLineFunctionCode>
                            </function>
                        </CI_OnlineResource>
                    </onLine>
                    <onLine>
                        <CI_OnlineResource>
                            <linkage>
                                <URL>https://gis.brno.cz/public/opendata/pk_g_cykloopatreni_realizovana_gml_sjtsk.zip</URL>
                            </linkage>
                            <protocol>
                                <gco:CharacterString>text/sgml</gco:CharacterString>
                            </protocol>
                            <name>
                                <gco:CharacterString>GML (S-JSTK)</gco:CharacterString>
                            </name>
                            <function>
                                <CI_OnLineFunctionCode codeList="http://www.isotc211.org/2005/resources/Codelist/gmxCodelists.xml#CI_OnLineFunctionCode" codeListValue="download" codeSpace="ISOTC211/19115">download</CI_OnLineFunctionCode>
                            </function>
                        </CI_OnlineResource>
                    </onLine>
                    <onLine>
                        <CI_OnlineResource>
                            <linkage>
                                <URL>https://gis.brno.cz/public/opendata/pk_g_cykloopatreni_realizovana_gml_wgs84.zip</URL>
                            </linkage>
                            <protocol>
                                <gco:CharacterString>text/sgml</gco:CharacterString>
                            </protocol>
                            <name>
                                <gco:CharacterString>GML (WGS84)</gco:CharacterString>
                            </name>
                            <function>
                                <CI_OnLineFunctionCode codeList="http://www.isotc211.org/2005/resources/Codelist/gmxCodelists.xml#CI_OnLineFunctionCode" codeListValue="download" codeSpace="ISOTC211/19115">download</CI_OnLineFunctionCode>
                            </function>
                        </CI_OnlineResource>
                    </onLine>
                    <onLine>
                        <CI_OnlineResource>
                            <linkage>
                                <URL>https://gis.brno.cz/public/opendata/pk_g_cykloopatreni_realizovana_shp_sjtsk.zip</URL>
                            </linkage>
                            <protocol>
                                <gco:CharacterString>ShapeFile</gco:CharacterString>
                            </protocol>
                            <name>
                                <gco:CharacterString>ShapeFile (S-JTSK)</gco:CharacterString>
                            </name>
                            <function>
                                <CI_OnLineFunctionCode codeList="http://www.isotc211.org/2005/resources/Codelist/gmxCodelists.xml#CI_OnLineFunctionCode" codeListValue="download" codeSpace="ISOTC211/19115">download</CI_OnLineFunctionCode>
                            </function>
                        </CI_OnlineResource>
                    </onLine>
                    <onLine>
                        <CI_OnlineResource>
                            <linkage>
                                <URL>https://gis.brno.cz/public/opendata/pk_g_cykloopatreni_realizovana_sjtsk.dxf</URL>
                            </linkage>
                            <protocol>
                                <gco:CharacterString>application/dxf</gco:CharacterString>
                            </protocol>
                            <name>
                                <gco:CharacterString>DXF (S-JTSK)</gco:CharacterString>
                            </name>
                            <function>
                                <CI_OnLineFunctionCode codeList="http://www.isotc211.org/2005/resources/Codelist/gmxCodelists.xml#CI_OnLineFunctionCode" codeListValue="download" codeSpace="ISOTC211/19115">download</CI_OnLineFunctionCode>
                            </function>
                        </CI_OnlineResource>
                    </onLine>
                    <onLine>
                        <CI_OnlineResource>
                            <linkage>
                                <URL>https://gis.brno.cz/public/opendata/pk_g_cykloopatreni_realizovana_wgs84.dxf</URL>
                            </linkage>
                            <protocol>
                                <gco:CharacterString>application/dxf</gco:CharacterString>
                            </protocol>
                            <name>
                                <gco:CharacterString>DXF (WGS84)</gco:CharacterString>
                            </name>
                            <function>
                                <CI_OnLineFunctionCode codeList="http://www.isotc211.org/2005/resources/Codelist/gmxCodelists.xml#CI_OnLineFunctionCode" codeListValue="download" codeSpace="ISOTC211/19115">download</CI_OnLineFunctionCode>
                            </function>
                        </CI_OnlineResource>
                    </onLine>
                    <onLine>
                        <CI_OnlineResource>
                            <linkage>
                                <URL>https://gis.brno.cz/public/opendata/pk_g_cykloopatreni_realizovana_sjtsk.gpkg</URL>
                            </linkage>
                            <protocol>
                                <gco:CharacterString>application/geopackage+sqlite3</gco:CharacterString>
                            </protocol>
                            <name>
                                <gco:CharacterString>OGC GeoPackage (S-JTSK)</gco:CharacterString>
                            </name>
                            <function>
                                <CI_OnLineFunctionCode codeList="http://www.isotc211.org/2005/resources/Codelist/gmxCodelists.xml#CI_OnLineFunctionCode" codeListValue="download" codeSpace="ISOTC211/19115">download</CI_OnLineFunctionCode>
                            </function>
                        </CI_OnlineResource>
                    </onLine>
                    <onLine>
                        <CI_OnlineResource>
                            <linkage>
                                <URL>https://gis.brno.cz/public/opendata/pk_g_cykloopatreni_realizovana_wgs84.gpkg</URL>
                            </linkage>
                            <protocol>
                                <gco:CharacterString>application/geopackage+sqlite3</gco:CharacterString>
                            </protocol>
                            <name>
                                <gco:CharacterString>OGC GeoPackage (WGS84)</gco:CharacterString>
                            </name>
                            <function>
                                <CI_OnLineFunctionCode codeList="http://www.isotc211.org/2005/resources/Codelist/gmxCodelists.xml#CI_OnLineFunctionCode" codeListValue="download" codeSpace="ISOTC211/19115">download</CI_OnLineFunctionCode>
                            </function>
                        </CI_OnlineResource>
                    </onLine>
                </MD_DigitalTransferOptions>
            </transferOptions>
        </MD_Distribution>
    </distributionInfo>
</MD_Metadata>
